HorseID,Name,VaccDate
1,Olga,10/12/2018 11:13
2,Maite,2/5/2019 19:48
3,Abel,10/21/2018 21:02
4,Madaline,8/14/2018 17:18
5,Zelda,9/15/2019 0:45
6,Wynter,7/8/2018 17:26
7,Miriam,10/7/2019 8:45
8,Latifah,11/6/2018 5:50
9,Castor,11/22/2017 5:10
10,Tad,2/15/2019 17:30
11,Camilla,10/21/2018 11:46
12,Warren,2/16/2018 1:11
13,Dakota,1/9/2019 20:51
14,Howard,6/8/2018 21:32
15,Jakeem,12/4/2017 9:21
16,Ora,8/19/2019 10:58
17,Jennifer,11/11/2017 12:17
18,Carlos,11/6/2017 11:22
19,Samson,4/13/2018 12:08
20,Tobias,9/28/2018 19:24
21,Maia,7/6/2019 19:39
22,Zahir,12/19/2017 9:11
23,Ivana,9/1/2018 18:27
24,Harding,11/13/2017 21:20
25,Andrew,6/28/2019 22:05
26,Madonna,10/10/2018 1:37
27,Amy,5/3/2019 7:22
28,Quemby,6/3/2018 4:22
29,Risa,11/11/2017 14:51
30,Amanda,1/3/2019 3:25
31,Grady,1/30/2019 21:58
32,Jonas,2/11/2018 7:53
33,Clinton,4/29/2018 4:32
34,Rae,4/13/2019 20:41
35,Julie,12/23/2017 17:04
36,Allistair,10/3/2019 5:13
37,Brynn,6/7/2018 23:30
38,Brianna,7/17/2018 2:21
39,Jasper,11/30/2017 11:50
40,Tara,8/1/2019 3:46
41,Kerry,6/6/2018 7:13
42,Aidan,3/18/2018 3:07
43,Ella,11/1/2018 12:04
44,Dominique,7/13/2018 10:40
45,Karyn,10/26/2017 23:16
46,Fritz,10/16/2017 9:27
47,Savannah,1/25/2018 6:58
48,Leonard,8/27/2018 18:43
49,Noelani,5/6/2018 3:18
50,Alexis,1/22/2019 15:23
51,Kaye,11/27/2018 16:32
52,Gillian,8/28/2018 14:00
53,Petra,11/24/2017 3:42
54,Sade,12/13/2017 18:33
55,Gail,3/18/2018 10:41
56,Clayton,7/15/2018 18:50
57,Baker,9/12/2018 10:40
58,Benedict,11/11/2018 20:15
59,Larissa,2/7/2019 3:49
60,Giacomo,1/1/2018 21:38
61,Quinlan,11/5/2018 23:44
62,Holly,8/6/2018 13:48
63,Benedict,10/10/2019 13:52
64,Rafael,7/22/2018 6:29
65,Justina,11/13/2018 22:29
66,Gannon,9/6/2018 3:11
67,Nelle,10/21/2017 21:09
68,Rina,12/14/2018 5:13
69,Cassidy,7/23/2019 16:01
70,Lani,8/4/2019 15:59
71,Uriel,7/31/2018 23:33
72,Iona,1/28/2018 3:33
73,Kyle,9/28/2018 20:43
74,Rudyard,1/25/2019 8:10
75,Wylie,1/13/2018 0:20
76,Maxine,7/9/2018 11:58
77,Jasmine,10/19/2017 7:58
78,Lesley,9/13/2018 2:23
79,Barry,3/3/2019 17:00
80,Thaddeus,1/20/2018 22:38
81,Moses,3/9/2019 13:55
82,Cally,1/28/2019 1:01
83,Alyssa,4/15/2019 17:12
84,Elaine,7/7/2018 3:05
85,Summer,7/20/2018 5:05
86,Blair,4/27/2018 6:24
87,Shannon,7/5/2018 6:01
88,Latifah,11/11/2018 19:55
89,Elmo,11/22/2017 21:09
90,Quintessa,3/26/2019 14:32
91,Denise,5/24/2019 16:54
92,Addison,9/12/2019 20:52
93,Noah,5/16/2018 20:48
94,Iris,9/28/2019 15:12
95,Kane,11/12/2017 1:17
96,Lewis,3/7/2018 13:50
97,Gabriel,7/8/2018 16:31
98,Hashim,1/19/2018 6:30
99,Chester,8/27/2019 14:08
100,Elliott,9/16/2019 22:23
